model,loan_id,gender,married,dependents,education,self_employed,applicant_income,coapplicant_income,loan_amount,loan_amount_term,credit_history,property_area,loan_status
main.baseuser,1,Male,No,0,Graduate,No,5849,0.0,1.0,360.0,1.0,Urban,Y
main.baseuser,2,Male,Yes,1,Graduate,No,4583,1508.0,128.0,360.0,1.0,Rural,N
main.baseuser,3,Male,Yes,0,Graduate,Yes,3000,0.0,66.0,360.0,1.0,Urban,Y
main.baseuser,4,Male,Yes,0,Not Graduate,No,2583,2358.0,120.0,360.0,1.0,Urban,Y
main.baseuser,5,Male,No,0,Graduate,No,6000,0.0,141.0,360.0,1.0,Urban,Y
main.baseuser,6,Male,Yes,2,Graduate,Yes,5417,4196.0,267.0,360.0,1.0,Urban,Y
main.baseuser,7,Male,Yes,0,Not Graduate,No,2333,1516.0,95.0,360.0,1.0,Urban,Y
main.baseuser,8,Male,Yes,3+,Graduate,No,3036,2504.0,158.0,360.0,0.0,Semiurban,N
main.baseuser,9,Male,Yes,2,Graduate,No,4006,1526.0,168.0,360.0,1.0,Urban,Y
main.baseuser,10,Male,Yes,1,Graduate,No,12841,10968.0,349.0,360.0,1.0,Semiurban,N
main.baseuser,11,Male,Yes,2,Graduate,No,3200,700.0,70.0,360.0,1.0,Urban,Y
main.baseuser,12,Male,Yes,2,Graduate,No,2500,1840.0,109.0,360.0,1.0,Urban,Y
main.baseuser,13,Male,Yes,2,Graduate,No,3073,8106.0,200.0,360.0,1.0,Urban,Y
main.baseuser,14,Male,No,0,Graduate,No,1853,2840.0,114.0,360.0,1.0,Rural,N
main.baseuser,15,Male,Yes,2,Graduate,No,1299,1086.0,17.0,120.0,1.0,Urban,Y
main.baseuser,16,Male,No,0,Graduate,No,4950,0.0,125.0,360.0,1.0,Urban,Y
main.baseuser,17,Male,No,1,Not Graduate,No,3596,0.0,100.0,240.0,1.0,Urban,Y
main.baseuser,18,Female,No,0,Graduate,No,3510,0.0,76.0,360.0,0.0,Urban,N
main.baseuser,19,Male,Yes,0,Not Graduate,No,4887,0.0,133.0,360.0,1.0,Rural,N
main.baseuser,20,Male,Yes,0,Graduate,No,2600,3500.0,115.0,360.0,1.0,Urban,Y
main.baseuser,21,Male,Yes,0,Not Graduate,No,7660,0.0,104.0,360.0,0.0,Urban,N
main.baseuser,22,Male,Yes,1,Graduate,No,5955,5625.0,315.0,360.0,1.0,Urban,Y
main.baseuser,23,Male,Yes,0,Not Graduate,No,2600,1911.0,116.0,360.0,0.0,Semiurban,N
main.baseuser,24,Male,Yes,2,Not Graduate,No,3365,1917.0,112.0,360.0,0.0,Rural,N
main.baseuser,25,Male,Yes,1,Graduate,No,3717,2925.0,151.0,360.0,1.0,Semiurban,N
main.baseuser,26,Male,Yes,0,Graduate,Yes,9560,0.0,191.0,360.0,1.0,Semiurban,Y
main.baseuser,27,Male,Yes,0,Graduate,No,2799,2253.0,122.0,360.0,1.0,Semiurban,Y
main.baseuser,28,Male,Yes,2,Not Graduate,No,4226,1040.0,110.0,360.0,1.0,Urban,Y
main.baseuser,29,Male,No,0,Not Graduate,No,1442,0.0,35.0,360.0,1.0,Urban,N
main.baseuser,30,Female,No,2,Graduate,No,3750,2083.0,120.0,360.0,1.0,Semiurban,Y
main.baseuser,31,Male,Yes,1,Graduate,No,4166,3369.0,201.0,360.0,1.0,Urban,N
main.baseuser,32,Male,No,0,Graduate,No,3167,0.0,74.0,360.0,1.0,Urban,N
main.baseuser,33,Male,No,1,Graduate,Yes,4692,0.0,106.0,360.0,1.0,Rural,N
main.baseuser,34,Male,Yes,0,Graduate,No,3500,1667.0,114.0,360.0,1.0,Semiurban,Y
main.baseuser,35,Male,No,3+,Graduate,No,12500,3000.0,320.0,360.0,1.0,Rural,N
main.baseuser,36,Male,Yes,0,Graduate,No,2275,2067.0,1.0,360.0,1.0,Urban,Y
main.baseuser,37,Male,Yes,0,Graduate,No,1828,1330.0,100.0,360.0,0.0,Urban,N
main.baseuser,38,Female,Yes,0,Graduate,No,3667,1459.0,144.0,360.0,1.0,Semiurban,Y
main.baseuser,39,Male,No,0,Graduate,No,4166,7210.0,184.0,360.0,1.0,Urban,Y
main.baseuser,40,Male,No,0,Not Graduate,No,3748,1668.0,110.0,360.0,1.0,Semiurban,Y
main.baseuser,41,Male,No,0,Graduate,No,3600,0.0,80.0,360.0,1.0,Urban,N
main.baseuser,42,Male,No,0,Graduate,No,1800,1213.0,47.0,360.0,1.0,Urban,Y
main.baseuser,43,Male,Yes,0,Graduate,No,2400,0.0,75.0,360.0,1.0,Urban,Y
main.baseuser,44,Male,Yes,0,Graduate,No,3941,2336.0,134.0,360.0,1.0,Semiurban,Y
main.baseuser,45,Male,Yes,0,Not Graduate,Yes,4695,0.0,96.0,360.0,1.0,Urban,Y
main.baseuser,46,Female,No,0,Graduate,No,3410,0.0,88.0,360.0,1.0,Urban,Y
main.baseuser,47,Male,Yes,1,Graduate,No,5649,0.0,44.0,360.0,1.0,Urban,Y
main.baseuser,48,Male,Yes,0,Graduate,No,5821,0.0,144.0,360.0,1.0,Urban,Y
main.baseuser,49,Female,Yes,0,Graduate,No,2645,3440.0,120.0,360.0,0.0,Urban,N
main.baseuser,50,Female,No,0,Graduate,No,4000,2275.0,144.0,360.0,1.0,Semiurban,Y
main.baseuser,51,Female,Yes,0,Not Graduate,No,1928,1644.0,100.0,360.0,1.0,Semiurban,Y
main.baseuser,52,Female,No,0,Graduate,No,3086,0.0,120.0,360.0,1.0,Semiurban,Y
main.baseuser,53,Female,No,0,Graduate,No,4230,0.0,112.0,360.0,1.0,Semiurban,N
main.baseuser,54,Male,Yes,2,Graduate,No,4616,0.0,134.0,360.0,1.0,Urban,N
main.baseuser,55,Female,Yes,1,Graduate,Yes,11500,0.0,286.0,360.0,0.0,Urban,N
main.baseuser,56,Male,Yes,2,Graduate,No,2708,1167.0,97.0,360.0,1.0,Semiurban,Y
main.baseuser,57,Male,Yes,0,Graduate,No,2132,1591.0,96.0,360.0,1.0,Semiurban,Y
main.baseuser,58,Male,Yes,0,Graduate,No,3366,2200.0,135.0,360.0,1.0,Rural,N
main.baseuser,59,Male,Yes,1,Graduate,No,8080,2250.0,180.0,360.0,1.0,Urban,Y
main.baseuser,60,Male,Yes,2,Not Graduate,No,3357,2859.0,144.0,360.0,1.0,Urban,Y
main.baseuser,61,Male,Yes,0,Graduate,No,2500,3796.0,120.0,360.0,1.0,Urban,Y
main.baseuser,62,Male,Yes,3+,Graduate,No,3029,0.0,99.0,360.0,1.0,Urban,Y
main.baseuser,63,Male,Yes,0,Not Graduate,Yes,2609,3449.0,165.0,180.0,0.0,Rural,N
main.baseuser,64,Male,Yes,1,Graduate,No,4945,0.0,1.0,360.0,0.0,Rural,N
main.baseuser,65,Female,No,0,Graduate,No,4166,0.0,116.0,360.0,0.0,Semiurban,N
main.baseuser,66,Male,Yes,0,Graduate,No,5726,4595.0,258.0,360.0,1.0,Semiurban,N
main.baseuser,67,Male,No,0,Not Graduate,No,3200,2254.0,126.0,180.0,0.0,Urban,N
main.baseuser,68,Male,Yes,1,Graduate,No,10750,0.0,312.0,360.0,1.0,Urban,Y
main.baseuser,69,Male,Yes,3+,Not Graduate,Yes,7100,0.0,125.0,60.0,1.0,Urban,Y
main.baseuser,70,Female,No,0,Graduate,No,4300,0.0,136.0,360.0,0.0,Semiurban,N
main.baseuser,71,Male,Yes,0,Graduate,No,3208,3066.0,172.0,360.0,1.0,Urban,Y
main.baseuser,72,Male,Yes,2,Not Graduate,Yes,1875,1875.0,97.0,360.0,1.0,Semiurban,Y
main.baseuser,73,Male,No,0,Graduate,No,3500,0.0,81.0,300.0,1.0,Semiurban,Y
main.baseuser,74,Male,Yes,3+,Not Graduate,No,4755,0.0,95.0,360.0,0.0,Semiurban,N
main.baseuser,75,Male,Yes,3+,Graduate,Yes,5266,1774.0,187.0,360.0,1.0,Semiurban,Y
main.baseuser,76,Male,No,0,Graduate,No,3750,0.0,113.0,480.0,1.0,Urban,N
main.baseuser,77,Male,No,0,Graduate,No,3750,4750.0,176.0,360.0,1.0,Urban,N
main.baseuser,78,Male,Yes,1,Graduate,Yes,1000,3022.0,110.0,360.0,1.0,Urban,N
main.baseuser,79,Male,Yes,3+,Graduate,No,3167,4000.0,180.0,300.0,0.0,Semiurban,N
main.baseuser,80,Male,Yes,3+,Not Graduate,Yes,3333,2166.0,130.0,360.0,1.0,Semiurban,Y
main.baseuser,81,Female,No,0,Graduate,No,3846,0.0,111.0,360.0,1.0,Semiurban,Y
main.baseuser,82,Male,Yes,1,Graduate,Yes,2395,0.0,1.0,360.0,1.0,Semiurban,Y
main.baseuser,83,Female,Yes,2,Graduate,No,1378,1881.0,167.0,360.0,1.0,Urban,N
main.baseuser,84,Male,Yes,0,Graduate,No,6000,2250.0,265.0,360.0,1.0,Semiurban,N
main.baseuser,85,Male,Yes,1,Graduate,No,3988,0.0,50.0,240.0,1.0,Urban,Y
main.baseuser,86,Male,No,0,Graduate,No,2366,2531.0,136.0,360.0,1.0,Semiurban,Y
main.baseuser,87,Male,Yes,2,Not Graduate,No,3333,2000.0,99.0,360.0,1.0,Semiurban,Y
main.baseuser,88,Male,Yes,0,Graduate,No,2500,2118.0,104.0,360.0,1.0,Semiurban,Y
main.baseuser,89,Male,No,0,Graduate,No,8566,0.0,210.0,360.0,1.0,Urban,Y
main.baseuser,90,Male,Yes,0,Graduate,No,5695,4167.0,175.0,360.0,1.0,Semiurban,Y
main.baseuser,91,Male,Yes,0,Graduate,No,2958,2900.0,131.0,360.0,1.0,Semiurban,Y
main.baseuser,92,Male,Yes,2,Graduate,No,6250,5654.0,188.0,180.0,1.0,Semiurban,Y
main.baseuser,93,Male,Yes,2,Not Graduate,No,3273,1820.0,81.0,360.0,1.0,Urban,Y
main.baseuser,94,Male,No,0,Graduate,No,4133,0.0,122.0,360.0,1.0,Semiurban,Y
main.baseuser,95,Male,No,0,Not Graduate,No,3620,0.0,25.0,120.0,1.0,Semiurban,Y
main.baseuser,96,Male,No,0,Graduate,No,6782,0.0,1.0,360.0,1.0,Urban,N
main.baseuser,97,Female,Yes,0,Graduate,No,2484,2302.0,137.0,360.0,1.0,Semiurban,Y
main.baseuser,98,Male,Yes,0,Graduate,No,1977,997.0,50.0,360.0,1.0,Semiurban,Y
main.baseuser,99,Male,Yes,0,Not Graduate,No,4188,0.0,115.0,180.0,1.0,Semiurban,Y
main.baseuser,100,Male,Yes,0,Graduate,No,1759,3541.0,131.0,360.0,1.0,Semiurban,Y
main.baseuser,101,Male,Yes,2,Not Graduate,No,4288,3263.0,133.0,180.0,1.0,Urban,Y
main.baseuser,102,Male,No,0,Graduate,No,4843,3806.0,151.0,360.0,1.0,Semiurban,Y
main.baseuser,103,Male,Yes,1,Graduate,No,13650,0.0,1.0,360.0,1.0,Urban,Y
main.baseuser,104,Male,Yes,0,Graduate,No,4652,3583.0,1.0,360.0,1.0,Semiurban,Y
main.baseuser,105,Male,Yes,1,Graduate,No,3816,754.0,160.0,360.0,1.0,Urban,Y
main.baseuser,106,Male,Yes,1,Graduate,No,3052,1030.0,100.0,360.0,1.0,Urban,Y
main.baseuser,107,Male,Yes,2,Graduate,No,11417,1126.0,225.0,360.0,1.0,Urban,Y
main.baseuser,108,Male,No,0,Not Graduate,No,7333,0.0,120.0,360.0,1.0,Rural,N
main.baseuser,109,Male,Yes,2,Graduate,No,3800,3600.0,216.0,360.0,0.0,Urban,N
main.baseuser,110,Male,Yes,3+,Not Graduate,No,2071,754.0,94.0,480.0,1.0,Semiurban,Y
main.baseuser,111,Male,No,0,Graduate,No,5316,0.0,136.0,360.0,1.0,Urban,Y
main.baseuser,112,Female,Yes,0,Graduate,No,2929,2333.0,139.0,360.0,1.0,Semiurban,Y
main.baseuser,113,Male,Yes,0,Not Graduate,No,3572,4114.0,152.0,360.0,0.0,Rural,N
main.baseuser,114,Female,No,1,Graduate,Yes,7451,0.0,1.0,360.0,1.0,Semiurban,Y
main.baseuser,115,Male,No,0,Graduate,No,5050,0.0,118.0,360.0,1.0,Semiurban,Y
main.baseuser,116,Male,Yes,1,Graduate,No,14583,0.0,185.0,180.0,1.0,Rural,Y
main.baseuser,117,Female,Yes,0,Graduate,No,3167,2283.0,154.0,360.0,1.0,Semiurban,Y
main.baseuser,118,Male,Yes,1,Graduate,No,2214,1398.0,85.0,360.0,1.0,Urban,Y
main.baseuser,119,Male,Yes,0,Graduate,No,5568,2142.0,175.0,360.0,1.0,Rural,N
main.baseuser,120,Female,No,0,Graduate,No,10408,0.0,259.0,360.0,1.0,Urban,Y
main.baseuser,121,Male,Yes,1,Graduate,No,5667,2667.0,180.0,360.0,1.0,Rural,Y
main.baseuser,122,Female,No,0,Graduate,No,4166,0.0,44.0,360.0,1.0,Semiurban,Y
main.baseuser,123,Female,No,0,Graduate,No,2137,8980.0,137.0,360.0,0.0,Semiurban,Y
main.baseuser,124,Male,Yes,2,Graduate,No,2957,0.0,81.0,360.0,1.0,Semiurban,Y
main.baseuser,125,Male,Yes,0,Not Graduate,No,4300,2014.0,194.0,360.0,1.0,Rural,Y
main.baseuser,126,Female,No,0,Graduate,No,3692,0.0,93.0,360.0,1.0,Rural,Y
main.baseuser,127,Male,Yes,3+,Graduate,No,23803,0.0,370.0,360.0,1.0,Rural,Y
main.baseuser,128,Male,No,0,Graduate,No,3865,1640.0,1.0,360.0,1.0,Rural,Y
main.baseuser,129,Male,Yes,1,Graduate,Yes,10513,3850.0,160.0,180.0,0.0,Urban,N
main.baseuser,130,Male,Yes,0,Graduate,No,6080,2569.0,182.0,360.0,1.0,Rural,N
main.baseuser,131,Male,No,0,Graduate,Yes,20166,0.0,650.0,480.0,1.0,Urban,Y
main.baseuser,132,Male,No,0,Graduate,No,2014,1929.0,74.0,360.0,1.0,Urban,Y
main.baseuser,133,Male,No,0,Graduate,No,2718,0.0,70.0,360.0,1.0,Semiurban,Y
main.baseuser,134,Male,Yes,0,Graduate,Yes,3459,0.0,25.0,120.0,1.0,Semiurban,Y
main.baseuser,135,Male,No,0,Graduate,No,4895,0.0,102.0,360.0,1.0,Semiurban,Y
main.baseuser,136,Male,Yes,3+,Graduate,No,4000,7750.0,290.0,360.0,1.0,Semiurban,N
main.baseuser,137,Female,Yes,0,Graduate,No,4583,0.0,84.0,360.0,1.0,Rural,N
main.baseuser,138,Male,Yes,2,Graduate,Yes,3316,3500.0,88.0,360.0,1.0,Urban,Y
main.baseuser,139,Male,No,0,Graduate,No,14999,0.0,242.0,360.0,0.0,Semiurban,N
main.baseuser,140,Male,Yes,2,Not Graduate,No,4200,1430.0,129.0,360.0,1.0,Rural,N
main.baseuser,141,Male,Yes,2,Graduate,No,5042,2083.0,185.0,360.0,1.0,Rural,N
main.baseuser,142,Male,No,0,Graduate,No,5417,0.0,168.0,360.0,1.0,Urban,Y
main.baseuser,143,Male,No,0,Graduate,Yes,6950,0.0,175.0,180.0,1.0,Semiurban,Y
main.baseuser,144,Male,Yes,0,Graduate,No,2698,2034.0,122.0,360.0,1.0,Semiurban,Y
main.baseuser,145,Male,Yes,2,Graduate,No,11757,0.0,187.0,180.0,1.0,Urban,Y
main.baseuser,146,Female,Yes,0,Graduate,No,2330,4486.0,100.0,360.0,1.0,Semiurban,Y
main.baseuser,147,Female,Yes,2,Graduate,No,14866,0.0,70.0,360.0,1.0,Urban,Y
main.baseuser,148,Male,Yes,1,Graduate,No,1538,1425.0,30.0,360.0,1.0,Urban,Y
main.baseuser,149,Female,No,0,Graduate,No,10000,1666.0,225.0,360.0,1.0,Rural,N
main.baseuser,150,Male,Yes,0,Graduate,No,4860,830.0,125.0,360.0,1.0,Semiurban,Y
main.baseuser,151,Male,No,0,Graduate,No,6277,0.0,118.0,360.0,0.0,Rural,N
main.baseuser,152,Male,Yes,0,Graduate,Yes,2577,3750.0,152.0,360.0,1.0,Rural,Y
main.baseuser,153,Male,No,0,Graduate,No,9166,0.0,244.0,360.0,1.0,Urban,N
main.baseuser,154,Male,Yes,2,Not Graduate,No,2281,0.0,113.0,360.0,1.0,Rural,N
main.baseuser,155,Male,No,0,Graduate,No,3254,0.0,50.0,360.0,1.0,Urban,Y
main.baseuser,156,Male,Yes,3+,Graduate,No,39999,0.0,600.0,180.0,0.0,Semiurban,Y
main.baseuser,157,Male,Yes,1,Graduate,No,6000,0.0,160.0,360.0,1.0,Rural,Y
main.baseuser,158,Male,Yes,1,Graduate,No,9538,0.0,187.0,360.0,1.0,Urban,Y
main.baseuser,159,Male,No,0,Graduate,No,2980,2083.0,120.0,360.0,1.0,Rural,Y
main.baseuser,160,Male,Yes,0,Graduate,No,4583,5625.0,255.0,360.0,1.0,Semiurban,Y
main.baseuser,161,Male,Yes,0,Not Graduate,No,1863,1041.0,98.0,360.0,1.0,Semiurban,Y
main.baseuser,162,Male,Yes,0,Graduate,No,7933,0.0,275.0,360.0,1.0,Urban,N
main.baseuser,163,Male,Yes,1,Graduate,No,3089,1280.0,121.0,360.0,0.0,Semiurban,N
main.baseuser,164,Male,Yes,2,Graduate,No,4167,1447.0,158.0,360.0,1.0,Rural,Y
main.baseuser,165,Male,Yes,0,Graduate,No,9323,0.0,75.0,180.0,1.0,Urban,Y
main.baseuser,166,Male,Yes,0,Graduate,No,3707,3166.0,182.0,360.0,1.0,Rural,Y
main.baseuser,167,Female,Yes,0,Graduate,No,4583,0.0,112.0,360.0,1.0,Rural,N
main.baseuser,168,Male,Yes,0,Graduate,No,2439,3333.0,129.0,360.0,1.0,Rural,Y
main.baseuser,169,Male,No,0,Graduate,No,2237,0.0,63.0,480.0,0.0,Semiurban,N
main.baseuser,170,Male,Yes,2,Graduate,No,8000,0.0,200.0,360.0,1.0,Semiurban,Y
main.baseuser,171,Male,Yes,0,Not Graduate,No,1820,1769.0,95.0,360.0,1.0,Rural,Y
main.baseuser,172,Male,Yes,3+,Graduate,No,51763,0.0,700.0,300.0,1.0,Urban,Y
main.baseuser,173,Male,Yes,3+,Not Graduate,No,3522,0.0,81.0,180.0,1.0,Rural,N
main.baseuser,174,Male,Yes,0,Graduate,No,5708,5625.0,187.0,360.0,1.0,Semiurban,Y
main.baseuser,175,Male,Yes,0,Not Graduate,Yes,4344,736.0,87.0,360.0,1.0,Semiurban,N
main.baseuser,176,Male,Yes,0,Graduate,No,3497,1964.0,116.0,360.0,1.0,Rural,Y
main.baseuser,177,Male,Yes,2,Graduate,No,2045,1619.0,101.0,360.0,1.0,Rural,Y
main.baseuser,178,Male,Yes,3+,Graduate,No,5516,11300.0,495.0,360.0,0.0,Semiurban,N
main.baseuser,179,Male,Yes,1,Graduate,No,3750,0.0,116.0,360.0,1.0,Semiurban,Y
main.baseuser,180,Male,No,0,Not Graduate,No,2333,1451.0,102.0,480.0,0.0,Urban,N
main.baseuser,181,Male,Yes,1,Graduate,No,6400,7250.0,180.0,360.0,0.0,Urban,N
main.baseuser,182,Male,No,0,Graduate,No,1916,5063.0,67.0,360.0,1.0,Rural,N
main.baseuser,183,Male,Yes,0,Graduate,No,4600,0.0,73.0,180.0,1.0,Semiurban,Y
main.baseuser,184,Male,Yes,1,Graduate,No,33846,0.0,260.0,360.0,1.0,Semiurban,N
main.baseuser,185,Female,Yes,0,Graduate,No,3625,0.0,108.0,360.0,1.0,Semiurban,Y
main.baseuser,186,Male,Yes,0,Graduate,Yes,39147,4750.0,120.0,360.0,1.0,Semiurban,Y
main.baseuser,187,Male,Yes,1,Graduate,Yes,2178,0.0,66.0,300.0,0.0,Rural,N
main.baseuser,188,Male,Yes,0,Graduate,No,2383,2138.0,58.0,360.0,1.0,Rural,Y
main.baseuser,189,Male,Yes,0,Graduate,Yes,674,5296.0,168.0,360.0,1.0,Rural,Y
main.baseuser,190,Male,Yes,0,Graduate,No,9328,0.0,188.0,180.0,1.0,Rural,Y
main.baseuser,191,Male,No,0,Not Graduate,No,4885,0.0,48.0,360.0,1.0,Rural,Y
main.baseuser,192,Male,No,0,Graduate,No,12000,0.0,164.0,360.0,1.0,Semiurban,N
main.baseuser,193,Male,Yes,0,Not Graduate,No,6033,0.0,160.0,360.0,1.0,Urban,N
main.baseuser,194,Male,No,0,Graduate,No,3858,0.0,76.0,360.0,1.0,Semiurban,Y
main.baseuser,195,Male,No,0,Graduate,No,4191,0.0,120.0,360.0,1.0,Rural,Y
main.baseuser,196,Male,Yes,1,Graduate,No,3125,2583.0,170.0,360.0,1.0,Semiurban,N
main.baseuser,197,Male,No,0,Graduate,No,8333,3750.0,187.0,360.0,1.0,Rural,Y
main.baseuser,198,Female,No,0,Not Graduate,No,1907,2365.0,120.0,360.0,1.0,Urban,Y
main.baseuser,199,Female,Yes,0,Graduate,No,3416,2816.0,113.0,360.0,1.0,Semiurban,Y
main.baseuser,200,Male,No,0,Graduate,Yes,11000,0.0,83.0,360.0,1.0,Urban,N
main.baseuser,201,Male,Yes,1,Not Graduate,No,2600,2500.0,90.0,360.0,1.0,Semiurban,Y
main.baseuser,202,Male,No,2,Graduate,No,4923,0.0,166.0,360.0,0.0,Semiurban,Y
main.baseuser,203,Male,Yes,3+,Not Graduate,No,3992,0.0,1.0,180.0,1.0,Urban,N
main.baseuser,204,Male,Yes,1,Not Graduate,No,3500,1083.0,135.0,360.0,1.0,Urban,Y
main.baseuser,205,Male,Yes,2,Not Graduate,No,3917,0.0,124.0,360.0,1.0,Semiurban,Y
main.baseuser,206,Female,No,0,Not Graduate,No,4408,0.0,120.0,360.0,1.0,Semiurban,Y
main.baseuser,207,Female,No,0,Graduate,No,3244,0.0,80.0,360.0,1.0,Urban,Y
main.baseuser,208,Male,No,0,Not Graduate,No,3975,2531.0,55.0,360.0,1.0,Rural,Y
main.baseuser,209,Male,No,0,Graduate,No,2479,0.0,59.0,360.0,1.0,Urban,Y
main.baseuser,210,Male,No,0,Graduate,No,3418,0.0,127.0,360.0,1.0,Semiurban,N
main.baseuser,211,Female,No,0,Graduate,No,10000,0.0,214.0,360.0,1.0,Semiurban,N
main.baseuser,212,Male,Yes,3+,Graduate,No,3430,1250.0,128.0,360.0,0.0,Semiurban,N
main.baseuser,213,Male,Yes,1,Graduate,Yes,7787,0.0,240.0,360.0,1.0,Urban,Y
main.baseuser,214,Male,Yes,3+,Not Graduate,Yes,5703,0.0,130.0,360.0,1.0,Rural,Y
main.baseuser,215,Male,Yes,0,Graduate,No,3173,3021.0,137.0,360.0,1.0,Urban,Y
main.baseuser,216,Male,Yes,3+,Not Graduate,No,3850,983.0,100.0,360.0,1.0,Semiurban,Y
main.baseuser,217,Male,Yes,0,Graduate,No,150,1800.0,135.0,360.0,1.0,Rural,N
main.baseuser,218,Male,Yes,0,Graduate,No,3727,1775.0,131.0,360.0,1.0,Semiurban,Y
main.baseuser,219,Male,Yes,2,Graduate,No,5000,0.0,72.0,360.0,0.0,Semiurban,N
main.baseuser,220,Female,Yes,2,Graduate,No,4283,2383.0,127.0,360.0,1.0,Semiurban,Y
main.baseuser,221,Male,Yes,0,Graduate,No,2221,0.0,60.0,360.0,0.0,Urban,N
main.baseuser,222,Male,Yes,2,Graduate,No,4009,1717.0,116.0,360.0,1.0,Semiurban,Y
main.baseuser,223,Male,No,0,Graduate,No,2971,2791.0,144.0,360.0,1.0,Semiurban,Y
main.baseuser,224,Male,Yes,0,Graduate,No,7578,1010.0,175.0,360.0,1.0,Semiurban,Y
main.baseuser,225,Male,Yes,0,Graduate,No,6250,0.0,128.0,360.0,1.0,Semiurban,Y
main.baseuser,226,Male,Yes,0,Graduate,No,3250,0.0,170.0,360.0,1.0,Rural,N
main.baseuser,227,Male,Yes,1,Not Graduate,Yes,4735,0.0,138.0,360.0,1.0,Urban,N
main.baseuser,228,Male,Yes,2,Graduate,No,6250,1695.0,210.0,360.0,1.0,Semiurban,Y
main.baseuser,229,Male,Yes,1,Graduate,No,4758,0.0,158.0,480.0,1.0,Semiurban,Y
main.baseuser,230,Male,No,0,Graduate,Yes,6400,0.0,200.0,360.0,1.0,Rural,Y
main.baseuser,231,Male,Yes,1,Graduate,No,2491,2054.0,104.0,360.0,1.0,Semiurban,Y
main.baseuser,232,Male,Yes,0,Graduate,No,3716,0.0,42.0,180.0,1.0,Rural,Y
main.baseuser,233,Male,No,0,Not Graduate,No,3189,2598.0,120.0,360.0,1.0,Rural,Y
main.baseuser,234,Female,No,0,Graduate,No,8333,0.0,280.0,360.0,1.0,Semiurban,Y
main.baseuser,235,Male,Yes,1,Graduate,No,3155,1779.0,140.0,360.0,1.0,Semiurban,Y
main.baseuser,236,Male,Yes,1,Graduate,No,5500,1260.0,170.0,360.0,1.0,Rural,Y
main.baseuser,237,Male,Yes,0,Graduate,No,5746,0.0,255.0,360.0,1.0,Urban,N
main.baseuser,238,Female,No,0,Graduate,Yes,3463,0.0,122.0,360.0,1.0,Urban,Y
main.baseuser,239,Female,No,1,Graduate,No,3812,0.0,112.0,360.0,1.0,Rural,Y
main.baseuser,240,Male,Yes,1,Graduate,No,3315,0.0,96.0,360.0,1.0,Semiurban,Y
main.baseuser,241,Male,Yes,2,Graduate,No,5819,5000.0,120.0,360.0,1.0,Rural,Y
main.baseuser,242,Male,Yes,1,Not Graduate,No,2510,1983.0,140.0,180.0,1.0,Urban,N
main.baseuser,243,Male,No,0,Graduate,No,2965,5701.0,155.0,60.0,1.0,Urban,Y
main.baseuser,244,Male,Yes,2,Graduate,Yes,6250,1300.0,108.0,360.0,1.0,Rural,Y
main.baseuser,245,Male,Yes,0,Not Graduate,No,3406,4417.0,123.0,360.0,1.0,Semiurban,Y
main.baseuser,246,Male,No,0,Graduate,Yes,6050,4333.0,120.0,180.0,1.0,Urban,N
main.baseuser,247,Male,Yes,2,Graduate,No,9703,0.0,112.0,360.0,1.0,Urban,Y
main.baseuser,248,Male,Yes,1,Not Graduate,No,6608,0.0,137.0,180.0,1.0,Urban,Y
main.baseuser,249,Male,Yes,1,Graduate,No,2882,1843.0,123.0,480.0,1.0,Semiurban,Y
main.baseuser,250,Male,Yes,0,Graduate,No,1809,1868.0,90.0,360.0,1.0,Urban,Y
main.baseuser,251,Male,Yes,0,Not Graduate,No,1668,3890.0,201.0,360.0,0.0,Semiurban,N
main.baseuser,252,Female,No,2,Graduate,No,3427,0.0,138.0,360.0,1.0,Urban,N
main.baseuser,253,Male,No,0,Not Graduate,Yes,2583,2167.0,104.0,360.0,1.0,Rural,Y
main.baseuser,254,Male,Yes,1,Not Graduate,No,2661,7101.0,279.0,180.0,1.0,Semiurban,Y
main.baseuser,255,Male,No,0,Graduate,Yes,16250,0.0,192.0,360.0,0.0,Urban,N
main.baseuser,256,Female,No,3+,Graduate,No,3083,0.0,255.0,360.0,1.0,Rural,Y
main.baseuser,257,Male,No,0,Not Graduate,No,6045,0.0,115.0,360.0,0.0,Rural,N
main.baseuser,258,Male,Yes,3+,Graduate,No,5250,0.0,94.0,360.0,1.0,Urban,N
main.baseuser,259,Male,Yes,0,Graduate,No,14683,2100.0,304.0,360.0,1.0,Rural,N
main.baseuser,260,Male,Yes,3+,Not Graduate,No,4931,0.0,128.0,360.0,1.0,Semiurban,N
main.baseuser,261,Male,Yes,1,Graduate,No,6083,4250.0,330.0,360.0,1.0,Urban,Y
main.baseuser,262,Male,No,0,Graduate,No,2060,2209.0,134.0,360.0,1.0,Semiurban,Y
main.baseuser,263,Female,No,1,Graduate,No,3481,0.0,155.0,36.0,1.0,Semiurban,N
main.baseuser,264,Female,No,0,Graduate,No,7200,0.0,120.0,360.0,1.0,Rural,Y
main.baseuser,265,Male,No,0,Graduate,Yes,5166,0.0,128.0,360.0,1.0,Semiurban,Y
main.baseuser,266,Male,No,0,Graduate,No,4095,3447.0,151.0,360.0,1.0,Rural,Y
main.baseuser,267,Male,Yes,2,Graduate,No,4708,1387.0,150.0,360.0,1.0,Semiurban,Y
main.baseuser,268,Male,Yes,3+,Graduate,No,4333,1811.0,160.0,360.0,0.0,Urban,Y
main.baseuser,269,Female,No,0,Graduate,No,3418,0.0,135.0,360.0,1.0,Rural,N
main.baseuser,270,Female,No,1,Graduate,No,2876,1560.0,90.0,360.0,1.0,Urban,Y
main.baseuser,271,Female,No,0,Graduate,No,3237,0.0,30.0,360.0,1.0,Urban,Y
main.baseuser,272,Male,Yes,0,Graduate,No,11146,0.0,136.0,360.0,1.0,Urban,Y
main.baseuser,273,Male,No,0,Graduate,No,2833,1857.0,126.0,360.0,1.0,Rural,Y
main.baseuser,274,Male,Yes,0,Graduate,No,2620,2223.0,150.0,360.0,1.0,Semiurban,Y
main.baseuser,275,Male,Yes,2,Graduate,No,3900,0.0,90.0,360.0,1.0,Semiurban,Y
main.baseuser,276,Male,Yes,1,Graduate,No,2750,1842.0,115.0,360.0,1.0,Semiurban,Y
main.baseuser,277,Male,Yes,0,Graduate,No,3993,3274.0,207.0,360.0,1.0,Semiurban,Y
main.baseuser,278,Male,Yes,0,Graduate,No,3103,1300.0,80.0,360.0,1.0,Urban,Y
main.baseuser,279,Male,Yes,0,Graduate,No,14583,0.0,436.0,360.0,1.0,Semiurban,Y
main.baseuser,280,Female,Yes,0,Not Graduate,No,4100,0.0,124.0,360.0,1.0,Rural,Y
main.baseuser,281,Male,No,1,Not Graduate,Yes,4053,2426.0,158.0,360.0,0.0,Urban,N
main.baseuser,282,Male,Yes,0,Graduate,No,3927,800.0,112.0,360.0,1.0,Semiurban,Y
main.baseuser,283,Male,Yes,2,Graduate,No,2301,985.7999878,78.0,180.0,1.0,Urban,Y
main.baseuser,284,Female,No,0,Graduate,No,1811,1666.0,54.0,360.0,1.0,Urban,Y
main.baseuser,285,Male,Yes,0,Graduate,No,20667,0.0,1.0,360.0,1.0,Rural,N
main.baseuser,286,Male,No,0,Graduate,No,3158,3053.0,89.0,360.0,1.0,Rural,Y
main.baseuser,287,Female,No,0,Graduate,Yes,2600,1717.0,99.0,300.0,1.0,Semiurban,N
main.baseuser,288,Male,Yes,0,Graduate,No,3704,2000.0,120.0,360.0,1.0,Rural,Y
main.baseuser,289,Female,No,0,Graduate,No,4124,0.0,115.0,360.0,1.0,Semiurban,Y
main.baseuser,290,Male,No,0,Graduate,No,9508,0.0,187.0,360.0,1.0,Rural,Y
main.baseuser,291,Male,Yes,0,Graduate,No,3075,2416.0,139.0,360.0,1.0,Rural,Y
main.baseuser,292,Male,Yes,2,Graduate,No,4400,0.0,127.0,360.0,0.0,Semiurban,N
main.baseuser,293,Male,Yes,2,Graduate,No,3153,1560.0,134.0,360.0,1.0,Urban,Y
main.baseuser,294,Female,No,1,Graduate,No,5417,0.0,143.0,480.0,0.0,Urban,N
main.baseuser,295,Male,Yes,0,Graduate,No,2383,3334.0,172.0,360.0,1.0,Semiurban,Y
main.baseuser,296,Male,Yes,3+,Graduate,No,4416,1250.0,110.0,360.0,1.0,Urban,Y
main.baseuser,297,Male,Yes,1,Graduate,No,6875,0.0,200.0,360.0,1.0,Semiurban,Y
main.baseuser,298,Female,Yes,1,Graduate,No,4666,0.0,135.0,360.0,1.0,Urban,Y
main.baseuser,299,Female,No,0,Graduate,No,5000,2541.0,151.0,480.0,1.0,Rural,N
main.baseuser,300,Male,Yes,1,Graduate,No,2014,2925.0,113.0,360.0,1.0,Urban,N
main.baseuser,301,Male,Yes,0,Not Graduate,No,1800,2934.0,93.0,360.0,0.0,Urban,N
main.baseuser,302,Male,Yes,1,Not Graduate,No,2875,1750.0,105.0,360.0,1.0,Semiurban,Y
main.baseuser,303,Female,No,0,Graduate,No,5000,0.0,132.0,360.0,1.0,Rural,Y
main.baseuser,304,Male,Yes,1,Graduate,No,1625,1803.0,96.0,360.0,1.0,Urban,Y
main.baseuser,305,Male,No,0,Graduate,No,4000,2500.0,140.0,360.0,1.0,Rural,Y
main.baseuser,306,Male,No,0,Not Graduate,No,2000,0.0,1.0,360.0,1.0,Urban,N
main.baseuser,307,Female,No,0,Graduate,No,3762,1666.0,135.0,360.0,1.0,Rural,Y
main.baseuser,308,Female,No,0,Graduate,No,2400,1863.0,104.0,360.0,0.0,Urban,N
main.baseuser,309,Male,No,0,Graduate,No,20233,0.0,480.0,360.0,1.0,Rural,N
main.baseuser,310,Male,Yes,2,Not Graduate,No,7667,0.0,185.0,360.0,1.0,Rural,Y
main.baseuser,311,Female,No,0,Graduate,No,2917,0.0,84.0,360.0,1.0,Semiurban,Y
main.baseuser,312,Male,No,0,Not Graduate,No,2927,2405.0,111.0,360.0,1.0,Semiurban,Y
main.baseuser,313,Female,No,0,Graduate,No,2507,0.0,56.0,360.0,1.0,Rural,Y
main.baseuser,314,Male,Yes,2,Graduate,Yes,5746,0.0,144.0,84.0,1.0,Rural,Y
main.baseuser,315,Male,Yes,0,Graduate,No,2473,1843.0,159.0,360.0,1.0,Rural,N
main.baseuser,316,Male,Yes,1,Not Graduate,No,3399,1640.0,111.0,180.0,1.0,Urban,Y
main.baseuser,317,Male,Yes,2,Graduate,No,3717,0.0,120.0,360.0,1.0,Semiurban,Y
main.baseuser,318,Male,Yes,0,Graduate,No,2058,2134.0,88.0,360.0,1.0,Urban,Y
main.baseuser,319,Female,No,1,Graduate,No,3541,0.0,112.0,360.0,1.0,Semiurban,Y
main.baseuser,320,Male,Yes,1,Graduate,Yes,10000,0.0,155.0,360.0,1.0,Rural,N
main.baseuser,321,Male,Yes,0,Graduate,No,2400,2167.0,115.0,360.0,1.0,Semiurban,Y
main.baseuser,322,Male,Yes,3+,Graduate,No,4342,189.0,124.0,360.0,1.0,Semiurban,Y
main.baseuser,323,Male,Yes,2,Not Graduate,No,3601,1590.0,1.0,360.0,1.0,Rural,Y
main.baseuser,324,Female,No,0,Graduate,No,3166,2985.0,132.0,360.0,1.0,Rural,Y
main.baseuser,325,Male,Yes,3+,Graduate,No,15000,0.0,300.0,360.0,1.0,Rural,Y
main.baseuser,326,Male,Yes,1,Graduate,Yes,8666,4983.0,376.0,360.0,0.0,Rural,N
main.baseuser,327,Male,No,0,Graduate,No,4917,0.0,130.0,360.0,0.0,Rural,Y
main.baseuser,328,Male,Yes,0,Graduate,Yes,5818,2160.0,184.0,360.0,1.0,Semiurban,Y
main.baseuser,329,Female,Yes,0,Graduate,No,4333,2451.0,110.0,360.0,1.0,Urban,N
main.baseuser,330,Female,No,0,Graduate,No,2500,0.0,67.0,360.0,1.0,Urban,Y
main.baseuser,331,Male,No,1,Graduate,No,4384,1793.0,117.0,360.0,1.0,Urban,Y
main.baseuser,332,Male,No,0,Graduate,No,2935,0.0,98.0,360.0,1.0,Semiurban,Y
main.baseuser,333,Male,No,1,Graduate,No,2833,0.0,71.0,360.0,1.0,Urban,Y
main.baseuser,334,Male,Yes,0,Graduate,No,63337,0.0,490.0,180.0,1.0,Urban,Y
main.baseuser,335,Male,Yes,1,Graduate,Yes,9833,1833.0,182.0,180.0,1.0,Urban,Y
main.baseuser,336,Male,Yes,1,Graduate,Yes,5503,4490.0,70.0,360.0,1.0,Semiurban,Y
main.baseuser,337,Male,Yes,1,Graduate,No,5250,688.0,160.0,360.0,1.0,Rural,Y
main.baseuser,338,Male,Yes,2,Graduate,Yes,2500,4600.0,176.0,360.0,1.0,Rural,Y
main.baseuser,339,Female,No,3+,Not Graduate,No,1830,0.0,1.0,360.0,0.0,Urban,N
main.baseuser,340,Female,No,0,Graduate,No,4160,0.0,71.0,360.0,1.0,Semiurban,Y
main.baseuser,341,Male,Yes,3+,Not Graduate,No,2647,1587.0,173.0,360.0,1.0,Rural,N
main.baseuser,342,Female,No,0,Graduate,No,2378,0.0,46.0,360.0,1.0,Rural,N
main.baseuser,343,Male,Yes,1,Not Graduate,No,4554,1229.0,158.0,360.0,1.0,Urban,Y
main.baseuser,344,Male,Yes,3+,Not Graduate,No,3173,0.0,74.0,360.0,1.0,Semiurban,Y
main.baseuser,345,Male,Yes,2,Graduate,No,2583,2330.0,125.0,360.0,1.0,Rural,Y
main.baseuser,346,Male,Yes,0,Graduate,No,2499,2458.0,160.0,360.0,1.0,Semiurban,Y
main.baseuser,347,Male,Yes,1,Not Graduate,No,3523,3230.0,152.0,360.0,0.0,Rural,N
main.baseuser,348,Male,Yes,2,Not Graduate,No,3083,2168.0,126.0,360.0,1.0,Urban,Y
main.baseuser,349,Male,Yes,0,Graduate,No,6333,4583.0,259.0,360.0,1.0,Semiurban,Y
main.baseuser,350,Male,Yes,0,Graduate,No,2625,6250.0,187.0,360.0,1.0,Rural,Y
main.baseuser,351,Male,Yes,0,Graduate,No,9083,0.0,228.0,360.0,1.0,Semiurban,Y
main.baseuser,352,Male,No,0,Graduate,No,8750,4167.0,308.0,360.0,1.0,Rural,N
main.baseuser,353,Male,Yes,3+,Graduate,No,2666,2083.0,95.0,360.0,1.0,Rural,Y
main.baseuser,354,Female,Yes,0,Graduate,Yes,5500,0.0,105.0,360.0,0.0,Rural,N
main.baseuser,355,Female,Yes,0,Graduate,No,2423,505.0,130.0,360.0,1.0,Semiurban,Y
main.baseuser,356,Female,No,1,Graduate,No,3813,0.0,116.0,180.0,1.0,Urban,Y
main.baseuser,357,Male,Yes,2,Graduate,No,8333,3167.0,165.0,360.0,1.0,Rural,Y
main.baseuser,358,Male,Yes,1,Graduate,No,3875,0.0,67.0,360.0,1.0,Urban,N
main.baseuser,359,Male,Yes,0,Not Graduate,No,3000,1666.0,100.0,480.0,0.0,Urban,N
main.baseuser,360,Male,Yes,3+,Graduate,No,5167,3167.0,200.0,360.0,1.0,Semiurban,Y
main.baseuser,361,Female,No,1,Graduate,No,4723,0.0,81.0,360.0,1.0,Semiurban,N
main.baseuser,362,Male,Yes,2,Graduate,No,5000,3667.0,236.0,360.0,1.0,Semiurban,Y
main.baseuser,363,Male,Yes,0,Graduate,No,4750,2333.0,130.0,360.0,1.0,Urban,Y
main.baseuser,364,Male,Yes,0,Graduate,No,3013,3033.0,95.0,300.0,1.0,Urban,Y
main.baseuser,365,Male,No,0,Graduate,Yes,6822,0.0,141.0,360.0,1.0,Rural,Y
main.baseuser,366,Male,No,0,Not Graduate,No,6216,0.0,133.0,360.0,1.0,Rural,N
main.baseuser,367,Male,No,0,Graduate,No,2500,0.0,96.0,480.0,1.0,Semiurban,N
main.baseuser,368,Male,No,0,Graduate,No,5124,0.0,124.0,360.0,0.0,Rural,N
main.baseuser,369,Male,Yes,1,Graduate,No,6325,0.0,175.0,360.0,1.0,Semiurban,Y
main.baseuser,370,Male,Yes,0,Graduate,No,19730,5266.0,570.0,360.0,1.0,Rural,N
main.baseuser,371,Female,No,0,Graduate,Yes,15759,0.0,55.0,360.0,1.0,Semiurban,Y
main.baseuser,372,Male,Yes,2,Graduate,No,5185,0.0,155.0,360.0,1.0,Semiurban,Y
main.baseuser,373,Male,Yes,2,Graduate,Yes,9323,7873.0,380.0,300.0,1.0,Rural,Y
main.baseuser,374,Male,No,1,Graduate,No,3062,1987.0,111.0,180.0,0.0,Urban,N
main.baseuser,375,Female,No,0,Graduate,No,2764,1459.0,110.0,360.0,1.0,Urban,Y
main.baseuser,376,Male,Yes,0,Graduate,No,4817,923.0,120.0,180.0,1.0,Urban,Y
main.baseuser,377,Male,Yes,3+,Graduate,No,8750,4996.0,130.0,360.0,1.0,Rural,Y
main.baseuser,378,Male,Yes,0,Graduate,No,4310,0.0,130.0,360.0,1.0,Semiurban,Y
main.baseuser,379,Male,No,0,Graduate,No,3069,0.0,71.0,480.0,1.0,Urban,N
main.baseuser,380,Male,Yes,2,Graduate,No,5391,0.0,130.0,360.0,1.0,Urban,Y
main.baseuser,381,Male,Yes,0,Graduate,No,3333,2500.0,128.0,360.0,1.0,Semiurban,Y
main.baseuser,382,Male,No,0,Graduate,No,5941,4232.0,296.0,360.0,1.0,Semiurban,Y
main.baseuser,383,Female,No,0,Graduate,No,6000,0.0,156.0,360.0,1.0,Urban,Y
main.baseuser,384,Male,No,0,Graduate,Yes,7167,0.0,128.0,360.0,1.0,Urban,Y
main.baseuser,385,Male,Yes,2,Graduate,No,4566,0.0,100.0,360.0,1.0,Urban,N
main.baseuser,386,Male,No,1,Graduate,No,3667,0.0,113.0,180.0,1.0,Urban,Y
main.baseuser,387,Male,No,0,Not Graduate,No,2346,1600.0,132.0,360.0,1.0,Semiurban,Y
main.baseuser,388,Male,Yes,0,Not Graduate,No,3010,3136.0,1.0,360.0,0.0,Urban,N
main.baseuser,389,Male,Yes,0,Graduate,No,2333,2417.0,136.0,360.0,1.0,Urban,Y
main.baseuser,390,Male,Yes,0,Graduate,No,5488,0.0,125.0,360.0,1.0,Rural,Y
main.baseuser,391,Male,No,3+,Graduate,No,9167,0.0,185.0,360.0,1.0,Rural,Y
main.baseuser,392,Male,Yes,3+,Graduate,No,9504,0.0,275.0,360.0,1.0,Rural,Y
main.baseuser,393,Male,Yes,0,Graduate,No,2583,2115.0,120.0,360.0,1.0,Urban,Y
main.baseuser,394,Male,Yes,2,Not Graduate,No,1993,1625.0,113.0,180.0,1.0,Semiurban,Y
main.baseuser,395,Male,Yes,2,Graduate,No,3100,1400.0,113.0,360.0,1.0,Urban,Y
main.baseuser,396,Male,Yes,2,Graduate,No,3276,484.0,135.0,360.0,1.0,Semiurban,Y
main.baseuser,397,Female,No,0,Graduate,No,3180,0.0,71.0,360.0,0.0,Urban,N
main.baseuser,398,Male,Yes,0,Graduate,No,3033,1459.0,95.0,360.0,1.0,Urban,Y
main.baseuser,399,Male,No,0,Not Graduate,No,3902,1666.0,109.0,360.0,1.0,Rural,Y
main.baseuser,400,Female,No,0,Graduate,No,1500,1800.0,103.0,360.0,0.0,Semiurban,N
main.baseuser,401,Male,Yes,2,Not Graduate,No,2889,0.0,45.0,180.0,0.0,Urban,N
main.baseuser,402,Male,No,0,Not Graduate,No,2755,0.0,65.0,300.0,1.0,Rural,N
main.baseuser,403,Male,No,0,Graduate,No,2500,20000.0,103.0,360.0,1.0,Semiurban,Y
main.baseuser,404,Female,No,0,Not Graduate,No,1963,0.0,53.0,360.0,1.0,Semiurban,Y
main.baseuser,405,Female,No,0,Graduate,Yes,7441,0.0,194.0,360.0,1.0,Rural,N
main.baseuser,406,Female,No,0,Graduate,No,4547,0.0,115.0,360.0,1.0,Semiurban,Y
main.baseuser,407,Male,Yes,0,Not Graduate,No,2167,2400.0,115.0,360.0,1.0,Urban,Y
main.baseuser,408,Female,No,0,Not Graduate,No,2213,0.0,66.0,360.0,1.0,Rural,Y
main.baseuser,409,Male,Yes,1,Graduate,No,8300,0.0,152.0,300.0,0.0,Semiurban,N
main.baseuser,410,Male,Yes,3+,Graduate,No,81000,0.0,360.0,360.0,0.0,Rural,N
main.baseuser,411,Female,No,1,Not Graduate,Yes,3867,0.0,62.0,360.0,1.0,Semiurban,N
main.baseuser,412,Male,Yes,0,Graduate,No,6256,0.0,160.0,360.0,1.0,Urban,Y
main.baseuser,413,Male,Yes,0,Not Graduate,No,6096,0.0,218.0,360.0,0.0,Rural,N
main.baseuser,414,Male,Yes,0,Not Graduate,No,2253,2033.0,110.0,360.0,1.0,Rural,Y
main.baseuser,415,Female,Yes,0,Not Graduate,No,2149,3237.0,178.0,360.0,0.0,Semiurban,N
main.baseuser,416,Female,No,0,Graduate,No,2995,0.0,60.0,360.0,1.0,Urban,Y
main.baseuser,417,Female,No,1,Graduate,No,2600,0.0,160.0,360.0,1.0,Urban,N
main.baseuser,418,Male,Yes,2,Graduate,Yes,1600,20000.0,239.0,360.0,1.0,Urban,N
main.baseuser,419,Male,Yes,0,Graduate,No,1025,2773.0,112.0,360.0,1.0,Rural,Y
main.baseuser,420,Male,Yes,0,Graduate,No,3246,1417.0,138.0,360.0,1.0,Semiurban,Y
main.baseuser,421,Male,Yes,0,Graduate,No,5829,0.0,138.0,360.0,1.0,Rural,Y
main.baseuser,422,Female,No,0,Not Graduate,No,2720,0.0,80.0,360.0,0.0,Urban,N
main.baseuser,423,Male,Yes,0,Graduate,No,1820,1719.0,100.0,360.0,1.0,Urban,Y
main.baseuser,424,Male,Yes,1,Graduate,No,7250,1667.0,110.0,360.0,0.0,Urban,N
main.baseuser,425,Male,Yes,0,Graduate,No,14880,0.0,96.0,360.0,1.0,Semiurban,Y
main.baseuser,426,Male,Yes,0,Graduate,No,2666,4300.0,121.0,360.0,1.0,Rural,Y
main.baseuser,427,Female,No,1,Not Graduate,No,4606,0.0,81.0,360.0,1.0,Rural,N
main.baseuser,428,Male,Yes,2,Graduate,No,5935,0.0,133.0,360.0,1.0,Semiurban,Y
main.baseuser,429,Male,Yes,0,Graduate,No,2920,16.12000084,87.0,360.0,1.0,Rural,Y
main.baseuser,430,Male,No,0,Not Graduate,No,2717,0.0,60.0,180.0,1.0,Urban,Y
main.baseuser,431,Female,No,1,Graduate,Yes,8624,0.0,150.0,360.0,1.0,Semiurban,Y
main.baseuser,432,Male,No,0,Graduate,No,6500,0.0,105.0,360.0,0.0,Rural,N
main.baseuser,433,Male,No,0,Graduate,No,12876,0.0,405.0,360.0,1.0,Semiurban,Y
main.baseuser,434,Male,Yes,0,Graduate,No,2425,2340.0,143.0,360.0,1.0,Semiurban,Y
main.baseuser,435,Male,No,0,Graduate,No,3750,0.0,100.0,360.0,1.0,Urban,Y
main.baseuser,436,Female,Yes,1,Graduate,No,10047,0.0,1.0,240.0,1.0,Semiurban,Y
main.baseuser,437,Male,No,0,Graduate,No,1926,1851.0,50.0,360.0,1.0,Semiurban,Y
main.baseuser,438,Male,Yes,0,Graduate,No,2213,1125.0,1.0,360.0,1.0,Urban,Y
main.baseuser,439,Male,No,0,Graduate,Yes,10416,0.0,187.0,360.0,0.0,Urban,N
main.baseuser,440,Female,Yes,0,Not Graduate,Yes,7142,0.0,138.0,360.0,1.0,Rural,Y
main.baseuser,441,Male,No,0,Graduate,No,3660,5064.0,187.0,360.0,1.0,Semiurban,Y
main.baseuser,442,Male,Yes,0,Graduate,No,7901,1833.0,180.0,360.0,1.0,Rural,Y
main.baseuser,443,Male,No,3+,Not Graduate,No,4707,1993.0,148.0,360.0,1.0,Semiurban,Y
main.baseuser,444,Male,No,1,Graduate,No,37719,0.0,152.0,360.0,1.0,Semiurban,Y
main.baseuser,445,Male,Yes,0,Graduate,No,7333,8333.0,175.0,300.0,1.0,Rural,Y
main.baseuser,446,Male,Yes,1,Graduate,Yes,3466,1210.0,130.0,360.0,1.0,Rural,Y
main.baseuser,447,Male,Yes,2,Not Graduate,No,4652,0.0,110.0,360.0,1.0,Rural,Y
main.baseuser,448,Male,Yes,0,Graduate,No,3539,1376.0,55.0,360.0,1.0,Rural,N
main.baseuser,449,Male,Yes,2,Graduate,No,3340,1710.0,150.0,360.0,0.0,Rural,N
main.baseuser,450,Male,No,1,Not Graduate,Yes,2769,1542.0,190.0,360.0,1.0,Semiurban,N
main.baseuser,451,Male,Yes,2,Not Graduate,No,2309,1255.0,125.0,360.0,0.0,Rural,N
main.baseuser,452,Male,Yes,2,Not Graduate,No,1958,1456.0,60.0,300.0,1.0,Urban,Y
main.baseuser,453,Male,Yes,0,Graduate,No,3948,1733.0,149.0,360.0,0.0,Rural,N
main.baseuser,454,Male,Yes,0,Graduate,No,2483,2466.0,90.0,180.0,0.0,Rural,Y
main.baseuser,455,Male,No,0,Graduate,Yes,7085,0.0,84.0,360.0,1.0,Semiurban,Y
main.baseuser,456,Male,Yes,2,Graduate,No,3859,0.0,96.0,360.0,1.0,Semiurban,Y
main.baseuser,457,Male,Yes,0,Graduate,No,4301,0.0,118.0,360.0,1.0,Urban,Y
main.baseuser,458,Male,Yes,0,Graduate,No,3708,2569.0,173.0,360.0,1.0,Urban,N
main.baseuser,459,Male,No,2,Graduate,No,4354,0.0,136.0,360.0,1.0,Rural,Y
main.baseuser,460,Male,Yes,0,Graduate,No,8334,0.0,160.0,360.0,1.0,Semiurban,N
main.baseuser,461,Male,Yes,0,Graduate,Yes,2083,4083.0,160.0,360.0,1.0,Semiurban,Y
main.baseuser,462,Male,Yes,3+,Graduate,No,7740,0.0,128.0,180.0,1.0,Urban,Y
main.baseuser,463,Male,Yes,0,Graduate,No,3015,2188.0,153.0,360.0,1.0,Rural,Y
main.baseuser,464,Female,No,1,Not Graduate,No,5191,0.0,132.0,360.0,1.0,Semiurban,Y
main.baseuser,465,Male,No,0,Graduate,No,4166,0.0,98.0,360.0,0.0,Semiurban,N
main.baseuser,466,Male,No,0,Graduate,No,6000,0.0,140.0,360.0,1.0,Rural,Y
main.baseuser,467,Male,Yes,3+,Not Graduate,No,2947,1664.0,70.0,180.0,0.0,Urban,N
main.baseuser,468,Male,Yes,0,Graduate,No,16692,0.0,110.0,360.0,1.0,Semiurban,Y
main.baseuser,469,Female,Yes,2,Not Graduate,No,210,2917.0,98.0,360.0,1.0,Semiurban,Y
main.baseuser,470,Male,Yes,0,Graduate,No,4333,2451.0,110.0,360.0,1.0,Urban,N
main.baseuser,471,Male,Yes,1,Graduate,Yes,3450,2079.0,162.0,360.0,1.0,Semiurban,Y
main.baseuser,472,Male,Yes,1,Not Graduate,No,2653,1500.0,113.0,180.0,0.0,Rural,N
main.baseuser,473,Male,Yes,3+,Graduate,No,4691,0.0,100.0,360.0,1.0,Semiurban,Y
main.baseuser,474,Female,No,0,Graduate,Yes,2500,0.0,93.0,360.0,1.0,Urban,Y
main.baseuser,475,Male,No,2,Graduate,No,5532,4648.0,162.0,360.0,1.0,Rural,Y
main.baseuser,476,Male,Yes,2,Graduate,Yes,16525,1014.0,150.0,360.0,1.0,Rural,Y
main.baseuser,477,Male,Yes,2,Graduate,No,6700,1750.0,230.0,300.0,1.0,Semiurban,Y
main.baseuser,478,Male,Yes,2,Graduate,No,2873,1872.0,132.0,360.0,0.0,Semiurban,N
main.baseuser,479,Male,Yes,1,Graduate,Yes,16667,2250.0,86.0,360.0,1.0,Semiurban,Y
main.baseuser,480,Male,Yes,2,Graduate,No,2947,1603.0,1.0,360.0,1.0,Urban,N
main.baseuser,481,Female,No,0,Not Graduate,No,4350,0.0,154.0,360.0,1.0,Rural,Y
main.baseuser,482,Male,Yes,3+,Not Graduate,No,3095,0.0,113.0,360.0,1.0,Rural,Y
main.baseuser,483,Male,Yes,0,Graduate,No,2083,3150.0,128.0,360.0,1.0,Semiurban,Y
main.baseuser,484,Male,Yes,0,Graduate,No,10833,0.0,234.0,360.0,1.0,Semiurban,Y
main.baseuser,485,Male,Yes,2,Graduate,No,8333,0.0,246.0,360.0,1.0,Semiurban,Y
main.baseuser,486,Male,Yes,1,Not Graduate,No,1958,2436.0,131.0,360.0,1.0,Rural,Y
main.baseuser,487,Male,No,2,Graduate,No,3547,0.0,80.0,360.0,0.0,Rural,N
main.baseuser,488,Male,Yes,1,Graduate,No,18333,0.0,500.0,360.0,1.0,Urban,N
main.baseuser,489,Male,Yes,2,Graduate,Yes,4583,2083.0,160.0,360.0,1.0,Semiurban,Y
main.baseuser,490,Male,No,0,Graduate,No,2435,0.0,75.0,360.0,1.0,Urban,N
main.baseuser,491,Male,No,0,Not Graduate,No,2699,2785.0,96.0,360.0,1.0,Semiurban,Y
main.baseuser,492,Male,Yes,1,Not Graduate,No,5333,1131.0,186.0,360.0,1.0,Urban,Y
main.baseuser,493,Male,No,0,Not Graduate,No,3691,0.0,110.0,360.0,1.0,Rural,Y
main.baseuser,494,Female,No,0,Not Graduate,Yes,17263,0.0,225.0,360.0,1.0,Semiurban,Y
main.baseuser,495,Male,Yes,0,Graduate,No,3597,2157.0,119.0,360.0,0.0,Rural,N
main.baseuser,496,Female,Yes,1,Graduate,No,3326,913.0,105.0,84.0,1.0,Semiurban,Y
main.baseuser,497,Male,Yes,0,Not Graduate,No,2600,1700.0,107.0,360.0,1.0,Rural,Y
main.baseuser,498,Male,Yes,0,Graduate,No,4625,2857.0,111.0,12.0,1.0,Urban,Y
main.baseuser,499,Male,Yes,1,Graduate,Yes,2895,0.0,95.0,360.0,1.0,Semiurban,Y
main.baseuser,500,Male,No,0,Graduate,No,6283,4416.0,209.0,360.0,0.0,Rural,N
main.baseuser,501,Female,No,0,Graduate,No,645,3683.0,113.0,480.0,1.0,Rural,Y
main.baseuser,502,Female,No,0,Graduate,No,3159,0.0,100.0,360.0,1.0,Semiurban,Y
main.baseuser,503,Male,Yes,2,Graduate,No,4865,5624.0,208.0,360.0,1.0,Semiurban,Y
main.baseuser,504,Male,Yes,1,Not Graduate,No,4050,5302.0,138.0,360.0,1.0,Rural,N
main.baseuser,505,Male,Yes,0,Not Graduate,No,3814,1483.0,124.0,300.0,1.0,Semiurban,Y
main.baseuser,506,Male,Yes,2,Graduate,No,3510,4416.0,243.0,360.0,1.0,Rural,Y
main.baseuser,507,Male,Yes,0,Graduate,No,20833,6667.0,480.0,360.0,1.0,Urban,Y
main.baseuser,508,Male,No,0,Graduate,No,3583,0.0,96.0,360.0,1.0,Urban,N
main.baseuser,509,Male,Yes,0,Graduate,Yes,2479,3013.0,188.0,360.0,1.0,Urban,Y
main.baseuser,510,Female,No,1,Graduate,No,13262,0.0,40.0,360.0,1.0,Urban,Y
main.baseuser,511,Male,No,0,Not Graduate,No,3598,1287.0,100.0,360.0,1.0,Rural,N
main.baseuser,512,Male,Yes,1,Graduate,No,6065,2004.0,250.0,360.0,1.0,Semiurban,Y
main.baseuser,513,Male,Yes,2,Graduate,No,3283,2035.0,148.0,360.0,1.0,Urban,Y
main.baseuser,514,Male,Yes,0,Graduate,No,2130,6666.0,70.0,180.0,1.0,Semiurban,N
main.baseuser,515,Male,No,0,Graduate,No,5815,3666.0,311.0,360.0,1.0,Rural,N
main.baseuser,516,Male,Yes,3+,Graduate,No,3466,3428.0,150.0,360.0,1.0,Rural,Y
main.baseuser,517,Female,Yes,2,Graduate,No,2031,1632.0,113.0,480.0,1.0,Semiurban,Y
main.baseuser,518,Male,Yes,1,Not Graduate,No,3074,1800.0,123.0,360.0,0.0,Semiurban,N
main.baseuser,519,Male,No,0,Graduate,No,4683,1915.0,185.0,360.0,1.0,Semiurban,N
main.baseuser,520,Female,No,0,Not Graduate,No,3400,0.0,95.0,360.0,1.0,Rural,N
main.baseuser,521,Male,Yes,2,Not Graduate,No,2192,1742.0,45.0,360.0,1.0,Semiurban,Y
main.baseuser,522,Male,No,0,Graduate,No,2500,0.0,55.0,360.0,1.0,Semiurban,Y
main.baseuser,523,Male,Yes,3+,Graduate,Yes,5677,1424.0,100.0,360.0,1.0,Rural,Y
main.baseuser,524,Male,Yes,2,Graduate,Yes,7948,7166.0,480.0,360.0,1.0,Rural,Y
main.baseuser,525,Male,No,0,Graduate,No,4680,2087.0,1.0,360.0,1.0,Semiurban,N
main.baseuser,526,Male,Yes,2,Graduate,Yes,17500,0.0,400.0,360.0,1.0,Rural,Y
main.baseuser,527,Male,Yes,0,Graduate,No,3775,0.0,110.0,360.0,1.0,Semiurban,Y
main.baseuser,528,Male,Yes,1,Not Graduate,No,5285,1430.0,161.0,360.0,0.0,Semiurban,Y
main.baseuser,529,Male,No,1,Not Graduate,No,2679,1302.0,94.0,360.0,1.0,Semiurban,Y
main.baseuser,530,Male,No,0,Not Graduate,No,6783,0.0,130.0,360.0,1.0,Semiurban,Y
main.baseuser,531,Male,Yes,0,Graduate,No,1025,5500.0,216.0,360.0,1.0,Rural,Y
main.baseuser,532,Male,Yes,3+,Graduate,No,4281,0.0,100.0,360.0,1.0,Urban,Y
main.baseuser,533,Male,No,2,Graduate,No,3588,0.0,110.0,360.0,0.0,Rural,N
main.baseuser,534,Male,No,1,Graduate,No,11250,0.0,196.0,360.0,1.0,Semiurban,N
main.baseuser,535,Female,No,0,Not Graduate,Yes,18165,0.0,125.0,360.0,1.0,Urban,Y
main.baseuser,536,Male,No,0,Not Graduate,No,2550,2042.0,126.0,360.0,1.0,Rural,Y
main.baseuser,537,Male,Yes,0,Graduate,No,6133,3906.0,324.0,360.0,1.0,Urban,Y
main.baseuser,538,Male,No,2,Graduate,No,3617,0.0,107.0,360.0,1.0,Semiurban,Y
main.baseuser,539,Male,Yes,0,Not Graduate,No,2917,536.0,66.0,360.0,1.0,Rural,N
main.baseuser,540,Male,Yes,3+,Graduate,No,6417,0.0,157.0,180.0,1.0,Rural,Y
main.baseuser,541,Female,Yes,1,Graduate,No,4608,2845.0,140.0,180.0,1.0,Semiurban,Y
main.baseuser,542,Female,No,0,Graduate,No,2138,0.0,99.0,360.0,0.0,Semiurban,N
main.baseuser,543,Female,No,1,Graduate,No,3652,0.0,95.0,360.0,1.0,Semiurban,Y
main.baseuser,544,Male,Yes,1,Not Graduate,No,2239,2524.0,128.0,360.0,1.0,Urban,Y
main.baseuser,545,Female,Yes,0,Not Graduate,No,3017,663.0,102.0,360.0,1.0,Semiurban,Y
main.baseuser,546,Male,Yes,0,Graduate,No,2768,1950.0,155.0,360.0,1.0,Rural,Y
main.baseuser,547,Male,No,0,Not Graduate,No,3358,0.0,80.0,36.0,1.0,Semiurban,N
main.baseuser,548,Male,No,0,Graduate,No,2526,1783.0,145.0,360.0,1.0,Rural,Y
main.baseuser,549,Female,No,0,Graduate,No,5000,0.0,103.0,360.0,0.0,Semiurban,N
main.baseuser,550,Male,Yes,0,Graduate,No,2785,2016.0,110.0,360.0,1.0,Rural,Y
main.baseuser,551,Male,Yes,2,Graduate,Yes,6633,0.0,1.0,360.0,0.0,Rural,N
main.baseuser,552,Male,Yes,1,Not Graduate,No,2492,2375.0,1.0,360.0,1.0,Rural,Y
main.baseuser,553,Male,Yes,1,Graduate,No,3333,3250.0,158.0,360.0,1.0,Urban,Y
main.baseuser,554,Male,Yes,0,Not Graduate,No,2454,2333.0,181.0,360.0,0.0,Urban,N
main.baseuser,555,Male,Yes,0,Graduate,No,3593,4266.0,132.0,180.0,0.0,Rural,N
main.baseuser,556,Male,Yes,1,Graduate,No,5468,1032.0,26.0,360.0,1.0,Semiurban,Y
main.baseuser,557,Female,No,0,Graduate,No,2667,1625.0,84.0,360.0,1.0,Urban,Y
main.baseuser,558,Male,Yes,3+,Graduate,Yes,10139,0.0,260.0,360.0,1.0,Semiurban,Y
main.baseuser,559,Male,Yes,0,Graduate,No,3887,2669.0,162.0,360.0,1.0,Semiurban,Y
main.baseuser,560,Female,Yes,0,Graduate,No,4180,2306.0,182.0,360.0,1.0,Semiurban,Y
main.baseuser,561,Male,Yes,2,Not Graduate,No,3675,242.0,108.0,360.0,1.0,Semiurban,Y
main.baseuser,562,Female,Yes,1,Graduate,Yes,19484,0.0,600.0,360.0,1.0,Semiurban,Y
main.baseuser,563,Male,Yes,0,Graduate,No,5923,2054.0,211.0,360.0,1.0,Rural,Y
main.baseuser,564,Male,No,0,Not Graduate,Yes,5800,0.0,132.0,360.0,1.0,Semiurban,Y
main.baseuser,565,Male,Yes,2,Graduate,No,8799,0.0,258.0,360.0,0.0,Urban,N
main.baseuser,566,Male,Yes,0,Not Graduate,No,4467,0.0,120.0,360.0,1.0,Rural,Y
main.baseuser,567,Male,No,0,Graduate,No,3333,0.0,70.0,360.0,1.0,Urban,Y
main.baseuser,568,Male,Yes,3+,Graduate,No,3400,2500.0,123.0,360.0,0.0,Rural,N
main.baseuser,569,Female,No,0,Graduate,No,2378,0.0,9.0,360.0,1.0,Urban,N
main.baseuser,570,Male,Yes,0,Graduate,No,3166,2064.0,104.0,360.0,0.0,Urban,N
main.baseuser,571,Male,Yes,1,Graduate,No,3417,1750.0,186.0,360.0,1.0,Urban,Y
main.baseuser,572,Male,Yes,1,Graduate,No,5116,1451.0,165.0,360.0,0.0,Urban,N
main.baseuser,573,Male,Yes,2,Graduate,No,16666,0.0,275.0,360.0,1.0,Urban,Y
main.baseuser,574,Male,Yes,2,Not Graduate,No,6125,1625.0,187.0,480.0,1.0,Semiurban,N
main.baseuser,575,Male,Yes,3+,Graduate,No,6406,0.0,150.0,360.0,1.0,Semiurban,N
main.baseuser,576,Male,Yes,2,Graduate,No,3159,461.0,108.0,84.0,1.0,Urban,Y
main.baseuser,577,Male,Yes,0,Graduate,No,3087,2210.0,136.0,360.0,0.0,Semiurban,N
main.baseuser,578,Male,No,0,Graduate,No,3229,2739.0,110.0,360.0,1.0,Urban,Y
main.baseuser,579,Male,Yes,1,Graduate,No,1782,2232.0,107.0,360.0,1.0,Rural,Y
main.baseuser,580,Male,No,0,Graduate,No,3182,2917.0,161.0,360.0,1.0,Urban,Y
main.baseuser,581,Male,Yes,2,Graduate,No,6540,0.0,205.0,360.0,1.0,Semiurban,Y
main.baseuser,582,Male,No,0,Graduate,No,1836,33837.0,90.0,360.0,1.0,Urban,N
main.baseuser,583,Female,Yes,0,Graduate,No,3166,0.0,36.0,360.0,1.0,Semiurban,Y
main.baseuser,584,Male,Yes,1,Graduate,No,1880,0.0,61.0,360.0,1.0,Rural,N
main.baseuser,585,Male,Yes,1,Graduate,No,2787,1917.0,146.0,360.0,0.0,Rural,N
main.baseuser,586,Male,Yes,1,Graduate,No,4283,3000.0,172.0,84.0,1.0,Rural,N
main.baseuser,587,Male,Yes,0,Graduate,No,2297,1522.0,104.0,360.0,1.0,Urban,Y
main.baseuser,588,Female,No,0,Not Graduate,No,2165,0.0,70.0,360.0,1.0,Semiurban,Y
main.baseuser,589,Male,No,0,Graduate,No,4750,0.0,94.0,360.0,1.0,Semiurban,Y
main.baseuser,590,Male,Yes,2,Graduate,Yes,2726,0.0,106.0,360.0,0.0,Semiurban,N
main.baseuser,591,Male,Yes,0,Graduate,No,3000,3416.0,56.0,180.0,1.0,Semiurban,Y
main.baseuser,592,Male,Yes,2,Graduate,Yes,6000,0.0,205.0,240.0,1.0,Semiurban,N
main.baseuser,593,Male,No,3+,Graduate,Yes,9357,0.0,292.0,360.0,1.0,Semiurban,Y
main.baseuser,594,Male,Yes,0,Graduate,No,3859,3300.0,142.0,180.0,1.0,Rural,Y
main.baseuser,595,Male,Yes,0,Graduate,Yes,16120,0.0,260.0,360.0,1.0,Urban,Y
main.baseuser,596,Male,No,0,Not Graduate,No,3833,0.0,110.0,360.0,1.0,Rural,Y
main.baseuser,597,Male,Yes,2,Not Graduate,Yes,6383,1000.0,187.0,360.0,1.0,Rural,N
main.baseuser,598,Male,No,1,Graduate,No,2987,0.0,88.0,360.0,0.0,Semiurban,N
main.baseuser,599,Male,Yes,0,Graduate,Yes,9963,0.0,180.0,360.0,1.0,Rural,Y
main.baseuser,600,Male,Yes,2,Graduate,No,5780,0.0,192.0,360.0,1.0,Urban,Y
main.baseuser,601,Female,No,3+,Graduate,No,416,41667.0,350.0,180.0,1.0,Urban,N
main.baseuser,602,Male,Yes,0,Not Graduate,No,2894,2792.0,155.0,360.0,1.0,Rural,Y
main.baseuser,603,Male,Yes,3+,Graduate,No,5703,0.0,128.0,360.0,1.0,Urban,Y
main.baseuser,604,Male,No,0,Graduate,No,3676,4301.0,172.0,360.0,1.0,Rural,Y
main.baseuser,605,Female,Yes,1,Graduate,No,12000,0.0,496.0,360.0,1.0,Semiurban,Y
main.baseuser,606,Male,Yes,0,Not Graduate,No,2400,3800.0,1.0,180.0,1.0,Urban,N
main.baseuser,607,Male,Yes,1,Graduate,No,3400,2500.0,173.0,360.0,1.0,Semiurban,Y
main.baseuser,608,Male,Yes,2,Not Graduate,No,3987,1411.0,157.0,360.0,1.0,Rural,Y
main.baseuser,609,Male,Yes,0,Graduate,No,3232,1950.0,108.0,360.0,1.0,Rural,Y
main.baseuser,610,Female,No,0,Graduate,No,2900,0.0,71.0,360.0,1.0,Rural,Y
main.baseuser,611,Male,Yes,3+,Graduate,No,4106,0.0,40.0,180.0,1.0,Rural,Y
main.baseuser,612,Male,Yes,1,Graduate,No,8072,240.0,253.0,360.0,1.0,Urban,Y
main.baseuser,613,Male,Yes,2,Graduate,No,7583,0.0,187.0,360.0,1.0,Urban,Y
main.baseuser,614,Female,No,0,Graduate,Yes,4583,0.0,133.0,360.0,0.0,Semiurban,N
